{
  "images" : [
    {
      "size" : "20x20",
      "idiom" : "iphone",
      "filename" : "Simulator Screen Shot - iPhone 8 Plus - 2018-08-01 at 15.53.47iPhoneNotification_20pt@2x.png",
      "scale" : "2x"
    },
    {
      "size" : "20x20",
      "idiom" : "iphone",
      "filename" : "Simulator Screen Shot - iPhone 8 Plus - 2018-08-01 at 15.53.47iPhoneNotification_20pt@3x.png",
      "scale" : "3x"
    },
    {
      "size" : "29x29",
      "idiom" : "iphone",
      "filename" : "Simulator Screen Shot - iPhone 8 Plus - 2018-08-01 at 15.53.47iPhoneSpootlight5_29pt@2x.png",
      "scale" : "2x"
    },
    {
      "size" : "29x29",
      "idiom" : "iphone",
      "filename" : "Simulator Screen Shot - iPhone 8 Plus - 2018-08-01 at 15.53.47iPhoneSpootlight5_29pt@3x.png",
      "scale" : "3x"
    },
    {
      "size" : "40x40",
      "idiom" : "iphone",
      "filename" : "Simulator Screen Shot - iPhone 8 Plus - 2018-08-01 at 15.53.47iPhoneSpootlight7_40pt@2x.png",
      "scale" : "2x"
    },
    {
      "size" : "40x40",
      "idiom" : "iphone",
      "filename" : "Simulator Screen Shot - iPhone 8 Plus - 2018-08-01 at 15.53.47iPhoneSpootlight7_40pt@3x.png",
      "scale" : "3x"
    },
    {
      "size" : "60x60",
      "idiom" : "iphone",
      "filename" : "Simulator Screen Shot - iPhone 8 Plus - 2018-08-01 at 15.53.47iPhoneApp_60pt@2x.png",
      "scale" : "2x"
    },
    {
      "size" : "60x60",
      "idiom" : "iphone",
      "filename" : "Simulator Screen Shot - iPhone 8 Plus - 2018-08-01 at 15.53.47iPhoneApp_60pt@3x.png",
      "scale" : "3x"
    },
    {
      "size" : "20x20",
      "idiom" : "ipad",
      "filename" : "Simulator Screen Shot - iPhone 8 Plus - 2018-08-01 at 15.53.47iPadNotifications_20pt.png",
      "scale" : "1x"
    },
    {
      "size" : "20x20",
      "idiom" : "ipad",
      "filename" : "Simulator Screen Shot - iPhone 8 Plus - 2018-08-01 at 15.53.47iPadNotifications_20pt@2x.png",
      "scale" : "2x"
    },
    {
      "size" : "29x29",
      "idiom" : "ipad",
      "filename" : "Simulator Screen Shot - iPhone 8 Plus - 2018-08-01 at 15.53.47iPadSpootlight5_29pt.png",
      "scale" : "1x"
    },
    {
      "size" : "29x29",
      "idiom" : "ipad",
      "filename" : "Simulator Screen Shot - iPhone 8 Plus - 2018-08-01 at 15.53.47iPadSpootlight5_29pt@2x.png",
      "scale" : "2x"
    },
    {
      "size" : "40x40",
      "idiom" : "ipad",
      "filename" : "Simulator Screen Shot - iPhone 8 Plus - 2018-08-01 at 15.53.47iPadSpootlight7_40pt.png",
      "scale" : "1x"
    },
    {
      "size" : "40x40",
      "idiom" : "ipad",
      "filename" : "Simulator Screen Shot - iPhone 8 Plus - 2018-08-01 at 15.53.47iPadSpootlight7_40pt@2x.png",
      "scale" : "2x"
    },
    {
      "size" : "76x76",
      "idiom" : "ipad",
      "filename" : "Simulator Screen Shot - iPhone 8 Plus - 2018-08-01 at 15.53.47iPadApp_76pt.png",
      "scale" : "1x"
    },
    {
      "size" : "76x76",
      "idiom" : "ipad",
      "filename" : "Simulator Screen Shot - iPhone 8 Plus - 2018-08-01 at 15.53.47iPadApp_76pt@2x.png",
      "scale" : "2x"
    },
    {
      "size" : "83.5x83.5",
      "idiom" : "ipad",
      "filename" : "Simulator Screen Shot - iPhone 8 Plus - 2018-08-01 at 15.53.47iPadProApp_83.5pt@2x.png",
      "scale" : "2x"
    },
    {
      "size" : "1024x1024",
      "idiom" : "ios-marketing",
      "filename" : "Simulator Screen Shot - iPhone 8 Plus - 2018-08-01 at 15.53.47store_1024pt.png",
      "scale" : "1x"
    }
  ],
  "info" : {
    "version" : 1,
    "author" : "xcode"
  }
}