{
  "images" : [
    {
      "extent" : "full-screen",
      "idiom" : "iphone",
      "subtype" : "2436h",
      "filename" : "启动iPhonePortraitiOS89_375x667pt@2xiPhoneXPortraitiOS11_375x812pt@3x.png",
      "minimum-system-version" : "11.0",
      "orientation" : "portrait",
      "scale" : "3x"
    },
    {
      "extent" : "full-screen",
      "idiom" : "iphone",
      "subtype" : "736h",
      "filename" : "启动iPhonePortraitiOS89_375x667pt@2xiPhonePortraitiOS89_414x736pt@3x.png",
      "minimum-system-version" : "8.0",
      "orientation" : "portrait",
      "scale" : "3x"
    },
    {
      "extent" : "full-screen",
      "idiom" : "iphone",
      "subtype" : "667h",
      "filename" : "启动iPhonePortraitiOS89_375x667pt@2xiPhonePortraitiOS89_375x667pt@2x.png",
      "minimum-system-version" : "8.0",
      "orientation" : "portrait",
      "scale" : "2x"
    },
    {
      "orientation" : "portrait",
      "idiom" : "iphone",
      "filename" : "启动iPhonePortraitiOS89_375x667pt@2xiPhonePortraitiOS789_320x480pt@2x.png",
      "extent" : "full-screen",
      "minimum-system-version" : "7.0",
      "scale" : "2x"
    },
    {
      "extent" : "full-screen",
      "idiom" : "iphone",
      "subtype" : "retina4",
      "filename" : "启动iPhonePortraitiOS89_375x667pt@2xiPhonePortraitiOS789_320x568pt@2x.png",
      "minimum-system-version" : "7.0",
      "orientation" : "portrait",
      "scale" : "2x"
    },
    {
      "orientation" : "portrait",
      "idiom" : "ipad",
      "filename" : "启动iPhonePortraitiOS89_375x667pt@2xiPadPortraitiOS789_768x1024pt.png",
      "extent" : "full-screen",
      "minimum-system-version" : "7.0",
      "scale" : "1x"
    },
    {
      "orientation" : "portrait",
      "idiom" : "ipad",
      "filename" : "启动iPhonePortraitiOS89_375x667pt@2xiPadPortraitiOS789_768x1024pt@2x.png",
      "extent" : "full-screen",
      "minimum-system-version" : "7.0",
      "scale" : "2x"
    },
    {
      "orientation" : "portrait",
      "idiom" : "iphone",
      "filename" : "启动iPhonePortraitiOS89_375x667pt@2xiPhonePortraitiOS56_320x480pt.png",
      "extent" : "full-screen",
      "scale" : "1x"
    },
    {
      "orientation" : "portrait",
      "idiom" : "iphone",
      "filename" : "启动iPhonePortraitiOS89_375x667pt@2xiPhonePortraitiOS56_320x480pt@2x.png",
      "extent" : "full-screen",
      "scale" : "2x"
    },
    {
      "orientation" : "portrait",
      "idiom" : "iphone",
      "filename" : "启动iPhonePortraitiOS89_375x667pt@2xiPhonePortraitiOS56_320x568pt@2x.png",
      "extent" : "full-screen",
      "subtype" : "retina4",
      "scale" : "2x"
    },
    {
      "orientation" : "portrait",
      "idiom" : "ipad",
      "filename" : "启动iPhonePortraitiOS89_375x667pt@2xiPadPortraitWOSBiOS56_768x1004pt.png",
      "extent" : "to-status-bar",
      "scale" : "1x"
    },
    {
      "orientation" : "portrait",
      "idiom" : "ipad",
      "filename" : "启动iPhonePortraitiOS89_375x667pt@2xiPadPortraitiOS56_768x1024pt.png",
      "extent" : "full-screen",
      "scale" : "1x"
    },
    {
      "orientation" : "portrait",
      "idiom" : "ipad",
      "filename" : "启动iPhonePortraitiOS89_375x667pt@2xiPadPortraitWOSBiOS56_768x1004pt@2x.png",
      "extent" : "to-status-bar",
      "scale" : "2x"
    },
    {
      "orientation" : "portrait",
      "idiom" : "ipad",
      "filename" : "启动iPhonePortraitiOS89_375x667pt@2xiPadPortraitiOS56_768x1024pt@2x.png",
      "extent" : "full-screen",
      "scale" : "2x"
    }
  ],
  "info" : {
    "version" : 1,
    "author" : "xcode"
  }
}