{
  "images" : [
    {
      "size" : "20x20",
      "idiom" : "iphone",
      "filename" : "F45C6A43-CFCE-459E-AADB-4B7A497CA977iPhoneNotification_20pt@2x.png",
      "scale" : "2x"
    },
    {
      "size" : "20x20",
      "idiom" : "iphone",
      "filename" : "F45C6A43-CFCE-459E-AADB-4B7A497CA977iPhoneNotification_20pt@3x.png",
      "scale" : "3x"
    },
    {
      "size" : "29x29",
      "idiom" : "iphone",
      "filename" : "F45C6A43-CFCE-459E-AADB-4B7A497CA977iPhoneSpootlight5_29pt@2x.png",
      "scale" : "2x"
    },
    {
      "size" : "29x29",
      "idiom" : "iphone",
      "filename" : "F45C6A43-CFCE-459E-AADB-4B7A497CA977iPhoneSpootlight5_29pt@3x.png",
      "scale" : "3x"
    },
    {
      "size" : "40x40",
      "idiom" : "iphone",
      "filename" : "F45C6A43-CFCE-459E-AADB-4B7A497CA977iPhoneSpootlight7_40pt@2x.png",
      "scale" : "2x"
    },
    {
      "size" : "40x40",
      "idiom" : "iphone",
      "filename" : "F45C6A43-CFCE-459E-AADB-4B7A497CA977iPhoneSpootlight7_40pt@3x.png",
      "scale" : "3x"
    },
    {
      "size" : "60x60",
      "idiom" : "iphone",
      "filename" : "F45C6A43-CFCE-459E-AADB-4B7A497CA977iPhoneApp_60pt@2x.png",
      "scale" : "2x"
    },
    {
      "size" : "60x60",
      "idiom" : "iphone",
      "filename" : "F45C6A43-CFCE-459E-AADB-4B7A497CA977iPhoneApp_60pt@3x.png",
      "scale" : "3x"
    },
    {
      "size" : "20x20",
      "idiom" : "ipad",
      "filename" : "F45C6A43-CFCE-459E-AADB-4B7A497CA977iPadNotifications_20pt.png",
      "scale" : "1x"
    },
    {
      "size" : "20x20",
      "idiom" : "ipad",
      "filename" : "F45C6A43-CFCE-459E-AADB-4B7A497CA977iPadNotifications_20pt@2x.png",
      "scale" : "2x"
    },
    {
      "size" : "29x29",
      "idiom" : "ipad",
      "filename" : "F45C6A43-CFCE-459E-AADB-4B7A497CA977iPadSpootlight5_29pt.png",
      "scale" : "1x"
    },
    {
      "size" : "29x29",
      "idiom" : "ipad",
      "filename" : "F45C6A43-CFCE-459E-AADB-4B7A497CA977iPadSpootlight5_29pt@2x.png",
      "scale" : "2x"
    },
    {
      "size" : "40x40",
      "idiom" : "ipad",
      "filename" : "F45C6A43-CFCE-459E-AADB-4B7A497CA977iPadSpootlight7_40pt.png",
      "scale" : "1x"
    },
    {
      "size" : "40x40",
      "idiom" : "ipad",
      "filename" : "F45C6A43-CFCE-459E-AADB-4B7A497CA977iPadSpootlight7_40pt@2x.png",
      "scale" : "2x"
    },
    {
      "size" : "76x76",
      "idiom" : "ipad",
      "filename" : "F45C6A43-CFCE-459E-AADB-4B7A497CA977iPadApp_76pt.png",
      "scale" : "1x"
    },
    {
      "size" : "76x76",
      "idiom" : "ipad",
      "filename" : "F45C6A43-CFCE-459E-AADB-4B7A497CA977iPadApp_76pt@2x.png",
      "scale" : "2x"
    },
    {
      "size" : "83.5x83.5",
      "idiom" : "ipad",
      "filename" : "F45C6A43-CFCE-459E-AADB-4B7A497CA977iPadProApp_83.5pt@2x.png",
      "scale" : "2x"
    },
    {
      "size" : "1024x1024",
      "idiom" : "ios-marketing",
      "filename" : "F45C6A43-CFCE-459E-AADB-4B7A497CA977store_1024pt.png",
      "scale" : "1x"
    }
  ],
  "info" : {
    "version" : 1,
    "author" : "xcode"
  }
}