{
  "images" : [
    {
      "size" : "36x36",
      "idiom" : "android",
      "filename" : "F45C6A43-CFCE-459E-AADB-4B7A497CA977AndroidIcon_36pt.png",
      "resolution" : "ldpi 36pt"
    },
    {
      "size" : "36x36",
      "idiom" : "android",
      "filename" : "F45C6A43-CFCE-459E-AADB-4B7A497CA977AndroidIcon_36pt@1.3x.png",
      "resolution" : "mdpi 48pt"
    },
    {
      "size" : "36x36",
      "idiom" : "android",
      "filename" : "F45C6A43-CFCE-459E-AADB-4B7A497CA977AndroidIcon_36pt@2x.png",
      "resolution" : "hdpi 72pt"
    },
    {
      "size" : "36x36",
      "idiom" : "android",
      "filename" : "F45C6A43-CFCE-459E-AADB-4B7A497CA977AndroidIcon_36pt@2.7x.png",
      "resolution" : "xhdpi 96pt"
    }
  ],
  "info" : {
    "version" : 1,
    "author" : "xcode"
  }
}