{
  "images" : [
    {
      "size" : "16x16",
      "idiom" : "mac",
      "filename" : "F45C6A43-CFCE-459E-AADB-4B7A497CA977MacMicro_16pt.png",
      "scale" : "1x"
    },
    {
      "size" : "16x16",
      "idiom" : "mac",
      "filename" : "F45C6A43-CFCE-459E-AADB-4B7A497CA977MacMicro_16pt@2x.png",
      "scale" : "2x"
    },
    {
      "size" : "32x32",
      "idiom" : "mac",
      "filename" : "F45C6A43-CFCE-459E-AADB-4B7A497CA977MacSmall_32pt.png",
      "scale" : "1x"
    },
    {
      "size" : "32x32",
      "idiom" : "mac",
      "filename" : "F45C6A43-CFCE-459E-AADB-4B7A497CA977MacSmall_32pt@2x.png",
      "scale" : "2x"
    },
    {
      "size" : "128x128",
      "idiom" : "mac",
      "filename" : "F45C6A43-CFCE-459E-AADB-4B7A497CA977MacMedium_128pt.png",
      "scale" : "1x"
    },
    {
      "size" : "128x128",
      "idiom" : "mac",
      "filename" : "F45C6A43-CFCE-459E-AADB-4B7A497CA977MacMedium_128pt@2x.png",
      "scale" : "2x"
    },
    {
      "size" : "256x256",
      "idiom" : "mac",
      "filename" : "F45C6A43-CFCE-459E-AADB-4B7A497CA977MacLarge_256pt.png",
      "scale" : "1x"
    },
    {
      "size" : "256x256",
      "idiom" : "mac",
      "filename" : "F45C6A43-CFCE-459E-AADB-4B7A497CA977MacLarge_256pt@2x.png",
      "scale" : "2x"
    },
    {
      "size" : "512x512",
      "idiom" : "mac",
      "filename" : "F45C6A43-CFCE-459E-AADB-4B7A497CA977MacHuge_512pt.png",
      "scale" : "1x"
    },
    {
      "size" : "512x512",
      "idiom" : "mac",
      "filename" : "F45C6A43-CFCE-459E-AADB-4B7A497CA977MacHuge_512pt@2x.png",
      "scale" : "2x"
    }
  ],
  "info" : {
    "version" : 1,
    "author" : "xcode"
  }
}