{
  "images" : [
    {
      "size" : "16x16",
      "idiom" : "mac",
      "filename" : "3311534737749_.pic_hdMacMicro_16pt.png",
      "scale" : "1x"
    },
    {
      "size" : "16x16",
      "idiom" : "mac",
      "filename" : "3311534737749_.pic_hdMacMicro_16pt@2x.png",
      "scale" : "2x"
    },
    {
      "size" : "32x32",
      "idiom" : "mac",
      "filename" : "3311534737749_.pic_hdMacSmall_32pt.png",
      "scale" : "1x"
    },
    {
      "size" : "32x32",
      "idiom" : "mac",
      "filename" : "3311534737749_.pic_hdMacSmall_32pt@2x.png",
      "scale" : "2x"
    },
    {
      "size" : "128x128",
      "idiom" : "mac",
      "filename" : "3311534737749_.pic_hdMacMedium_128pt.png",
      "scale" : "1x"
    },
    {
      "size" : "128x128",
      "idiom" : "mac",
      "filename" : "3311534737749_.pic_hdMacMedium_128pt@2x.png",
      "scale" : "2x"
    },
    {
      "size" : "256x256",
      "idiom" : "mac",
      "filename" : "3311534737749_.pic_hdMacLarge_256pt.png",
      "scale" : "1x"
    },
    {
      "size" : "256x256",
      "idiom" : "mac",
      "filename" : "3311534737749_.pic_hdMacLarge_256pt@2x.png",
      "scale" : "2x"
    },
    {
      "size" : "512x512",
      "idiom" : "mac",
      "filename" : "3311534737749_.pic_hdMacHuge_512pt.png",
      "scale" : "1x"
    },
    {
      "size" : "512x512",
      "idiom" : "mac",
      "filename" : "3311534737749_.pic_hdMacHuge_512pt@2x.png",
      "scale" : "2x"
    }
  ],
  "info" : {
    "version" : 1,
    "author" : "xcode"
  }
}